Workbook

Sheet 📊 Dashboard
B2: 🚀 PIPELINE DE APLICATIVOS – DASHBOARD DE SEGUIMIENTO
B5: TOTAL APPS | D5: COMPLETADAS | F5: EN PROGRESO | H5: PENDIENTES
B6: =COUNTA(Pipeline!B$4:B$53) -> 8 | D6: =COUNTIF(Pipeline!D$4:D$53,"Completado") -> 2 | F6: =COUNTIF(Pipeline!D$4:D$53,"En Progreso") -> 3 | H6: =COUNTIF(Pipeline!D$4:D$53,"Pendiente") -> 2
B8: DEUDA ALTA | D8: DEUDA MEDIA | F8: DEUDA BAJA | H8: SIN DEUDA
B9: =COUNTIF(Pipeline!F$4:F$53,"Alta") -> 0 | D9: =COUNTIF(Pipeline!F$4:F$53,"Media") -> 0 | F9: =COUNTIF(Pipeline!F$4:F$53,"Baja") -> 0 | H9: =COUNTIF(Pipeline!F$4:F$53,"Sin Deuda") -> 0
B11: PROGRESO GENERAL
B12: =IFERROR(D6/B6,0) -> 0.25
B14: Aplicativo | C14: Equipo | D14: Estado Pipeline | E14: Deuda Técnica | F14: Última Actualización
B15: =IFERROR(INDEX(Pipeline!B$4:B$53,1),"") -> App CRM | C15: =IFERROR(INDEX(Pipeline!C$4:C$53,1),"") -> Equipo Backend | D15: =IFERROR(INDEX(Pipeline!D$4:D$53,1),"") -> Completado | E15: =IFERROR(INDEX(Pipeline!F$4:F$53,1),"") -> Sí | F15: =IFERROR(INDEX(Pipeline!H$4:H$53,1),"") -> 2025-01-10
B16: =IFERROR(INDEX(Pipeline!B$4:B$53,2),"") -> Portal Web | C16: =IFERROR(INDEX(Pipeline!C$4:C$53,2),"") -> Equipo Frontend | D16: =IFERROR(INDEX(Pipeline!D$4:D$53,2),"") -> En Progreso | E16: =IFERROR(INDEX(Pipeline!F$4:F$53,2),"") -> Sí | F16: =IFERROR(INDEX(Pipeline!H$4:H$53,2),"") -> 2025-02-01
B17: =IFERROR(INDEX(Pipeline!B$4:B$53,3),"") -> API Gateway | C17: =IFERROR(INDEX(Pipeline!C$4:C$53,3),"") -> Equipo Infraestructura | D17: =IFERROR(INDEX(Pipeline!D$4:D$53,3),"") -> En Progreso | E17: =IFERROR(INDEX(Pipeline!F$4:F$53,3),"") -> Sí | F17: =IFERROR(INDEX(Pipeline!H$4:H$53,3),"") -> 2025-02-15
B18: =IFERROR(INDEX(Pipeline!B$4:B$53,4),"") -> App Mobile iOS | C18: =IFERROR(INDEX(Pipeline!C$4:C$53,4),"") -> Equipo Mobile | D18: =IFERROR(INDEX(Pipeline!D$4:D$53,4),"") -> Pendiente | E18: =IFERROR(INDEX(Pipeline!F$4:F$53,4),"") -> No | F18: =IFERROR(INDEX(Pipeline!H$4:H$53,4),"") -> 2025-03-01
B19: =IFERROR(INDEX(Pipeline!B$4:B$53,5),"") -> App Mobile Android | C19: =IFERROR(INDEX(Pipeline!C$4:C$53,5),"") -> Equipo Mobile | D19: =IFERROR(INDEX(Pipeline!D$4:D$53,5),"") -> Pendiente | E19: =IFERROR(INDEX(Pipeline!F$4:F$53,5),"") -> No | F19: =IFERROR(INDEX(Pipeline!H$4:H$53,5),"") -> 2025-03-01
B20: =IFERROR(INDEX(Pipeline!B$4:B$53,6),"") -> Módulo Pagos | C20: =IFERROR(INDEX(Pipeline!C$4:C$53,6),"") -> Equipo Fintech | D20: =IFERROR(INDEX(Pipeline!D$4:D$53,6),"") -> Completado | E20: =IFERROR(INDEX(Pipeline!F$4:F$53,6),"") -> No | F20: =IFERROR(INDEX(Pipeline!H$4:H$53,6),"") -> 2025-01-20
B21: =IFERROR(INDEX(Pipeline!B$4:B$53,7),"") -> Data Warehouse | C21: =IFERROR(INDEX(Pipeline!C$4:C$53,7),"") -> Equipo Data | D21: =IFERROR(INDEX(Pipeline!D$4:D$53,7),"") -> En Progreso | E21: =IFERROR(INDEX(Pipeline!F$4:F$53,7),"") -> Sí | F21: =IFERROR(INDEX(Pipeline!H$4:H$53,7),"") -> 2025-01-05
B22: =IFERROR(INDEX(Pipeline!B$4:B$53,8),"") -> Microservicio Auth | C22: =IFERROR(INDEX(Pipeline!C$4:C$53,8),"") -> Equipo Seguridad | D22: =IFERROR(INDEX(Pipeline!D$4:D$53,8),"") -> Bloqueado | E22: =IFERROR(INDEX(Pipeline!F$4:F$53,8),"") -> Sí | F22: =IFERROR(INDEX(Pipeline!H$4:H$53,8),"") -> 2025-02-10
B23: =IFERROR(INDEX(Pipeline!B$4:B$53,9),"") -> 0 | C23: =IFERROR(INDEX(Pipeline!C$4:C$53,9),"") -> 0 | D23: =IFERROR(INDEX(Pipeline!D$4:D$53,9),"") -> 0 | E23: =IFERROR(INDEX(Pipeline!F$4:F$53,9),"") -> 0 | F23: =IFERROR(INDEX(Pipeline!H$4:H$53,9),"") -> 0
B24: =IFERROR(INDEX(Pipeline!B$4:B$53,10),"") -> 0 | C24: =IFERROR(INDEX(Pipeline!C$4:C$53,10),"") -> 0 | D24: =IFERROR(INDEX(Pipeline!D$4:D$53,10),"") -> 0 | E24: =IFERROR(INDEX(Pipeline!F$4:F$53,10),"") -> 0 | F24: =IFERROR(INDEX(Pipeline!H$4:H$53,10),"") -> 0

Sheet Pipeline
B2: 📋 REGISTRO DE APLICATIVOS EN PIPELINE
B3: Aplicativo | C3: Equipo / Responsable | D3: Estado Pipeline | E3: % Avance | F3: Deuda Técnica | G3: Nivel de Deuda | H3: Fecha Inicio | I3: Última Actualización | J3: Evidencia / Link | K3: Notas / Observaciones
B4: App CRM | C4: Equipo Backend | D4: Completado | E4: 1 | F4: Sí | G4: Baja | H4: 2025-01-10 | I4: 2025-03-01 | J4: https://jira.empresa.com/CRM-001 | K4: Refactoring pendiente en módulo de reportes
B5: Portal Web | C5: Equipo Frontend | D5: En Progreso | E5: 0.65 | F5: Sí | G5: Media | H5: 2025-02-01 | I5: 2025-03-08 | J5: https://jira.empresa.com/WEB-045 | K5: Migración a React 18
B6: API Gateway | C6: Equipo Infraestructura | D6: En Progreso | E6: 0.4 | F6: Sí | G6: Alta | H6: 2025-02-15 | I6: 2025-03-10 | J6: https://confluence.empresa.com/api-gw | K6: Deuda en autenticación legacy
B7: App Mobile iOS | C7: Equipo Mobile | D7: Pendiente | E7: 0 | F7: No | G7: Sin Deuda | H7: 2025-03-01 | I7: 2025-03-01 | K7: En espera de aprobación
B8: App Mobile Android | C8: Equipo Mobile | D8: Pendiente | E8: 0 | F8: No | G8: Sin Deuda | H8: 2025-03-01 | I8: 2025-03-01 | K8: En espera de aprobación
B9: Módulo Pagos | C9: Equipo Fintech | D9: Completado | E9: 1 | F9: No | G9: Sin Deuda | H9: 2025-01-20 | I9: 2025-02-28 | J9: https://jira.empresa.com/PAY-100
B10: Data Warehouse | C10: Equipo Data | D10: En Progreso | E10: 0.8 | F10: Sí | G10: Media | H10: 2025-01-05 | I10: 2025-03-09 | J10: https://jira.empresa.com/DWH-022 | K10: ETL pipelines en revisión
B11: Microservicio Auth | C11: Equipo Seguridad | D11: Bloqueado | E11: 0.3 | F11: Sí | G11: Alta | H11: 2025-02-10 | I11: 2025-03-05 | K11: Bloqueado por certificados expirados

Sheet Deuda Técnica
B2: ⚠️ REGISTRO DE DEUDA TÉCNICA
B4: Aplicativo | C4: Tipo de Deuda | D4: Descripción | E4: Impacto | F4: Responsable Resolución | G4: Fecha Detección | H4: Fecha Límite | I4: Evidencia / Link
B5: App CRM | C5: Código legacy | D5: Módulo de reportes con código de 2015 sin tests | E5: Medio | F5: Juan Pérez | G5: 2025-01-15 | H5: 2025-06-30 | I5: https://sonarqube.empresa.com/crm
B6: Portal Web | C6: Dependencias | D6: Librerías NPM desactualizadas con CVEs conocidos | E6: Alto | F6: Ana García | G6: 2025-02-01 | H6: 2025-04-15 | I6: https://snyk.empresa.com/web
B7: API Gateway | C7: Arquitectura | D7: Autenticación implementada de forma monolítica | E7: Crítico | F7: Carlos López | G7: 2025-02-15 | H7: 2025-05-01 | I7: https://confluence.empresa.com/arch
B8: Data Warehouse | C8: Performance | D8: Consultas SQL sin índices en tablas > 10M filas | E8: Medio | F8: María Ruiz | G8: 2025-01-20 | H8: 2025-07-01 | I8: https://grafana.empresa.com/dw
B9: Microservicio Auth | C9: Seguridad | D9: Certificados SSL expirados en entorno QA | E9: Crítico | F9: Pedro Sánchez | G9: 2025-02-28 | H9: 2025-03-15

Sheet Evidencias
B2: 📎 REGISTRO DE EVIDENCIAS
B4: Aplicativo | C4: Tipo de Evidencia | D4: Descripción | E4: Fecha Carga | F4: Link / URL | G4: Responsable
B5: App CRM | C5: Reporte PDF | D5: Reporte SonarQube Q1 2025 | E5: 2025-03-01 | F5: https://sonarqube.empresa.com/crm/report-q1 | G5: Juan Pérez
B6: Portal Web | C6: Captura de Pantalla | D6: Evidencia vulnerabilidades Snyk | E6: 2025-03-05 | F6: https://drive.empresa.com/web-snyk-2025 | G6: Ana García
B7: API Gateway | C7: Documento Técnico | D7: Arquitectura propuesta API v2 | E7: 2025-03-08 | F7: https://confluence.empresa.com/api-v2-arch | G7: Carlos López
B8: Módulo Pagos | C8: Reporte PDF | D8: Certificación PCI-DSS completada | E8: 2025-02-28 | F8: https://compliance.empresa.com/pci-2025 | G8: Laura Torres
B9: Data Warehouse | C9: Log de Ejecución | D9: Pipeline ETL - ejecución exitosa | E9: 2025-03-09 | F9: https://airflow.empresa.com/dag-runs/dw-etl | G9: María Ruiz

Sheet ℹ️ Instrucciones
B2: ℹ️ INSTRUCCIONES DE USO
B5: 📊 Dashboard | C5: Vista general con KPIs automáticos. Se actualiza cuando ingresas datos en la hoja Pipeline.
B7: 📋 Pipeline | C7: Registra aquí cada aplicativo. Usa los desplegables para Estado y Nivel de Deuda. El % Avance va de 0 a 1 (ej: 0.75 = 75%).
B9: ⚠️ Deuda Técnica | C9: Detalla aquí la deuda técnica de cada app: tipo, descripción, impacto y fecha límite de resolución.
B11: 📎 Evidencias | C11: Adjunta links, reportes y evidencias por aplicativo. Usa el tipo de evidencia del desplegable.
B13: 🎨 Colores Estado | C13: ✅ Verde = Completado | 🔵 Azul = En Progreso | 🟡 Amarillo = Pendiente | 🔴 Rojo = Bloqueado
B15: 🎨 Colores Deuda | C15: 🔴 Rojo = Alta | 🟠 Naranja = Media | 🟡 Amarillo = Baja | 🟢 Verde = Sin Deuda
B17: ➕ Agregar apps | C17: Escribe en las filas vacías de la hoja Pipeline. El Dashboard se actualizará automáticamente.
B19: 🔗 Evidencias | C19: En la columna 'Evidencia / Link' de Pipeline puedes pegar URLs directamente. Para detalles usa la hoja Evidencias.
